[
  {
    "stores": {
      "bestbuy": {
        "products": [
          {
            "searchText": "EVGA GeForce RTX 3080 XC3 Ultra Gaming 10GB GDDR6X Video Card",
            "sku": "15084753",
            "model": "10G-P5-3885-KB",
            "productName": "EVGA GeForce RTX 3080 XC3 Ultra Gaming 10GB GDDR6X Video Card",
            "productPage": "/product/evga-geforce-rtx-3080-xc3-ultra-gaming-10gb-gddr6x-video-card/15084753"
          },
          {
            "searchText": "MSI NVIDIA GeForce RTX 3080 VENTUS 3X 10GB GDDR6X Video Card",
            "sku": "14950588",
            "model": "G3080V3X10C",
            "productName": "MSI NVIDIA GeForce RTX 3080 VENTUS 3X 10GB GDDR6X Video Card",
            "productPage": "/product/msi-nvidia-geforce-rtx-3080-ventus-3x-10gb-gddr6x-video-card/14950588"
          }
        ]
      }
    }
  }
]